<?xml version="1.0" encoding="UTF-8"?>
<project-private xmlns="http://www.netbeans.org/ns/project-private/1">
    <editor-bookmarks xmlns="http://www.netbeans.org/ns/editor-bookmarks/2" lastBookmarkId="0"/>
    <open-files xmlns="http://www.netbeans.org/ns/projectui-open-files/2">
        <group>
            <file>file:/C:/Users/ASUS/Documents/NetBeansProjects/pbo2_2310010075/src/configDB/crudSatuan.java</file>
            <file>file:/C:/Users/ASUS/Documents/NetBeansProjects/pbo2_2310010075/src/frame/frameSatuan.java</file>
            <file>file:/C:/Users/ASUS/Documents/NetBeansProjects/pbo2_2310010075/src/laporan/laporanSatuan.jrxml</file>
        </group>
    </open-files>
</project-private>
